<?xml version="1.0" encoding="UTF-8"?>
<configuration scan="true" scanPeriod="30 seconds">

   
    <!-- Console appender configuration -->
    <appender name="console" class="ch.qos.logback.core.ConsoleAppender">
        <encoder>
            <pattern>%d{yyyy-MM-dd HH:mm:ss} [%thread] %-5level %logger{36} - %msg%n</pattern>
        </encoder>
    </appender>

    <!-- File appender configuration -->
	<appender name="fileAppender" class="ch.qos.logback.core.FileAppender">
        <file>logs/app.log</file> <!-- Specify the path and filename for the log file -->
        <encoder>
            <pattern>%d{yyyy-MM-dd HH:mm:ss.SS} [%thread] %-5level %logger{36} - %msg%n</pattern> 
        </encoder>
    </appender>
	
    <!-- Root logger configuration -->
    <root level="INFO">
        <appender-ref ref="console"/>
       <appender-ref ref="fileAppender"/> 
    </root>

</configuration>
